{"cameraMode":{"drawMode":0,"name":"Shaded","section":"Shading Mode"},"sceneLighting":true,"audioPlay":false,"sceneViewState":{"m_AlwaysRefresh":true,"showFog":true,"showSkybox":true,"showFlares":true,"showImageEffects":true,"showParticleSystems":true,"showVisualEffectGraphs":true,"m_FxEnabled":true},"in2DMode":false,"pivot":{"x":132.17489624023438,"y":20.793914794921876,"z":-123.83197021484375},"rotation":{"x":0.31307825446128847,"y":-0.32418370246887209,"z":0.11463107913732529,"w":0.8853380680084229},"size":638.9205932617188,"orthographic":false}