{"cameraMode":{"drawMode":0,"name":"Shaded","section":"Shading Mode"},"sceneLighting":true,"audioPlay":false,"sceneViewState":{"m_AlwaysRefresh":true,"showFog":true,"showSkybox":true,"showFlares":true,"showImageEffects":true,"showParticleSystems":true,"showVisualEffectGraphs":true,"m_FxEnabled":true},"in2DMode":false,"pivot":{"x":2.8499999046325685,"y":2.7100000381469728,"z":-3.6399998664855959},"rotation":{"x":-0.19407345354557038,"y":-0.07636543363332749,"z":0.015232921577990055,"w":-0.9780067205429077},"size":757.1688842773438,"orthographic":false}