{"cameraMode":{"drawMode":0,"name":"Shaded","section":"Shading Mode"},"sceneLighting":true,"audioPlay":false,"sceneViewState":{"showFog":true,"showMaterialUpdate":true,"showSkybox":true,"showFlares":true,"showImageEffects":true,"showParticleSystems":true},"in2DMode":false,"pivot":{"x":-491.13299560546877,"y":-298.1892395019531,"z":571.1853637695313},"rotation":{"x":0.17824657261371613,"y":-0.5127792954444885,"z":0.10977909713983536,"w":0.8326196670532227},"size":760.107177734375,"orthographic":false}