{"cameraMode":{"drawMode":0,"name":"Shaded","section":"Shading Mode"},"sceneLighting":true,"audioPlay":false,"sceneViewState":{"showFog":true,"showMaterialUpdate":true,"showSkybox":true,"showFlares":true,"showImageEffects":true,"showParticleSystems":true},"in2DMode":false,"pivot":{"x":-41.4688720703125,"y":61.5198974609375,"z":-0.16839599609375},"rotation":{"x":0.1704316884279251,"y":-0.7828499674797058,"z":0.24422487616539002,"w":0.5463284850120544},"size":1047.869140625,"orthographic":false}